,Province_State,Confirmed,Date,Day,New_Cases,image_url,color,Type,confirmed_regular_notation
0,Georgia,17.0,2020-03-10,0,0.0,,before,actual,17.0
1,Georgia,23.0,2020-03-11,1,6.0,,before,actual,23.0
2,Georgia,31.0,2020-03-12,2,8.0,,before,actual,31.0
3,Georgia,42.0,2020-03-13,3,11.0,,before,actual,42.0
4,Georgia,66.0,2020-03-14,4,24.0,,before,actual,66.0
5,Georgia,99.0,2020-03-15,5,33.0,,before,actual,99.0
6,Georgia,121.0,2020-03-16,6,22.0,,before,actual,121.0
7,Georgia,146.0,2020-03-17,7,25.0,,before,actual,146.0
8,Georgia,199.0,2020-03-18,8,53.0,,before,actual,199.0
9,Georgia,287.0,2020-03-19,9,88.0,,before,actual,287.0
10,Georgia,420.0,2020-03-20,10,133.0,,before,actual,420.0
11,Georgia,507.0,2020-03-21,11,87.0,,before,actual,507.0
12,Georgia,621.0,2020-03-22,12,114.0,,before,actual,621.0
13,Georgia,772.0,2020-03-23,13,151.0,,before,actual,772.0
14,Georgia,1026.0,2020-03-24,14,254.0,,before,actual,1026.0
15,Georgia,1247.0,2020-03-25,15,221.0,,before,actual,1247.0
16,Georgia,1525.0,2020-03-26,16,278.0,,before,actual,1525.0
17,Georgia,2000.0,2020-03-27,17,475.0,,before,actual,2000.0
18,Georgia,2366.0,2020-03-28,18,366.0,,before,actual,2366.0
19,Georgia,2651.0,2020-03-29,19,285.0,,before,actual,2651.0
20,Georgia,2808.0,2020-03-30,20,157.0,,before,actual,2808.0
21,Georgia,3929.0,2020-03-31,21,1121.0,,before,actual,3929.0
22,Georgia,4638.0,2020-04-01,22,709.0,,before,actual,4638.0
23,Georgia,5348.0,2020-04-02,23,710.0,https://raw.githubusercontent.com/Murtz5253/covid19-vis/master/images/x-shelter.png,before,actual,5348.0
24,Georgia,5831.0,2020-04-03,24,483.0,,after,actual,5831.0
25,Georgia,6160.0,2020-04-04,25,329.0,,after,actual,6160.0
26,Georgia,6647.0,2020-04-05,26,487.0,,after,actual,6647.0
27,Georgia,7314.0,2020-04-06,27,667.0,,after,actual,7314.0
28,Georgia,8822.0,2020-04-07,28,1508.0,,after,actual,8822.0
29,Georgia,9901.0,2020-04-08,29,1079.0,,after,actual,9901.0
30,Georgia,10566.0,2020-04-09,30,665.0,,after,actual,10566.0
31,Georgia,11485.0,2020-04-10,31,919.0,,after,actual,11485.0
32,Georgia,12159.0,2020-04-11,32,674.0,,after,actual,12159.0
33,Georgia,12452.0,2020-04-12,33,293.0,,after,actual,12452.0
34,Georgia,13315.0,2020-04-13,34,863.0,,after,actual,13315.0
35,Georgia,14578.0,2020-04-14,35,1263.0,,after,actual,14578.0
36,Georgia,14987.0,2020-04-15,36,409.0,,after,actual,14987.0
37,Georgia,15669.0,2020-04-16,37,682.0,,after,actual,15669.0
38,Georgia,17194.0,2020-04-17,38,1525.0,,after,actual,17194.0
39,Georgia,17669.0,2020-04-18,39,475.0,,after,actual,17669.0
40,Georgia,18301.0,2020-04-19,40,632.0,,after,actual,18301.0
41,Georgia,19407.0,2020-04-20,41,1106.0,,after,actual,19407.0
42,Georgia,19881.0,2020-04-21,42,474.0,,after,actual,19881.0
43,Georgia,21214.0,2020-04-22,43,1333.0,,after,actual,21214.0
44,Georgia,21883.0,2020-04-23,44,669.0,,after,actual,21883.0
45,Georgia,22491.0,2020-04-24,45,608.0,,after,actual,22491.0
46,Georgia,23222.0,2020-04-25,46,731.0,,after,actual,23222.0
47,Georgia,23486.0,2020-04-26,47,264.0,,after,actual,23486.0
48,Georgia,24302.0,2020-04-27,48,816.0,,after,actual,24302.0
49,Georgia,24922.0,2020-04-28,49,620.0,,after,actual,24922.0
50,Georgia,25775.0,2020-04-29,50,853.0,,after,actual,25775.0
51,Georgia,26264.0,2020-04-30,51,489.0,,after,actual,26264.0
52,Georgia,27489.0,2020-05-01,52,1225.0,,after,actual,27489.0
53,Georgia,28331.0,2020-05-02,53,842.0,,after,actual,28331.0
54,Georgia,28665.0,2020-05-03,54,334.0,,after,actual,28665.0
55,Georgia,29451.0,2020-05-04,55,786.0,,after,actual,29451.0
56,Georgia,29998.0,2020-05-05,56,547.0,,after,actual,29998.0
57,Georgia,30743.0,2020-05-06,57,745.0,,after,actual,30743.0
58,Georgia,31618.0,2020-05-07,58,875.0,,after,actual,31618.0
59,Georgia,32181.0,2020-05-08,59,563.0,,after,actual,32181.0
60,Georgia,32588.0,2020-05-09,60,407.0,,after,actual,32588.0
61,Georgia,33580.0,2020-05-10,61,992.0,,after,actual,33580.0
62,Georgia,34002.0,2020-05-11,62,422.0,,after,actual,34002.0
63,Georgia,34924.0,2020-05-12,63,922.0,,after,actual,34924.0
64,Georgia,35427.0,2020-05-13,64,503.0,,after,actual,35427.0
65,Georgia,35977.0,2020-05-14,65,550.0,,after,actual,35977.0
66,Georgia,36772.0,2020-05-15,66,795.0,,after,actual,36772.0
67,Georgia,37212.0,2020-05-16,67,440.0,,after,actual,37212.0
68,Georgia,37579.0,2020-05-17,68,367.0,,after,actual,37579.0
69,Georgia,38283.0,2020-05-18,69,704.0,,after,actual,38283.0
70,Georgia,38855.0,2020-05-19,70,572.0,,after,actual,38855.0
71,Georgia,39801.0,2020-05-20,71,946.0,,after,actual,39801.0
72,Georgia,40663.0,2020-05-21,72,862.0,,after,actual,40663.0
73,Georgia,41482.0,2020-05-22,73,819.0,,after,actual,41482.0
74,Georgia,42242.0,2020-05-23,74,760.0,,after,actual,42242.0
75,Georgia,42902.0,2020-05-24,75,660.0,,after,actual,42902.0
76,Georgia,43400.0,2020-05-25,76,498.0,,after,actual,43400.0
77,Georgia,43983.0,2020-05-26,77,583.0,,after,actual,43983.0
78,Georgia,44638.0,2020-05-27,78,655.0,,after,actual,44638.0
79,Georgia,45266.0,2020-05-28,79,628.0,,after,actual,45266.0
80,Georgia,45881.0,2020-05-29,80,615.0,,after,actual,45881.0
81,Georgia,46331.0,2020-05-30,81,450.0,,after,actual,46331.0
82,Georgia,17.0,2020-03-10,0,0.0,,before,less_steep_1,17.0
83,Georgia,23.0,2020-03-11,1,6.0,,before,less_steep_1,23.0
84,Georgia,31.0,2020-03-12,2,8.0,,before,less_steep_1,31.0
85,Georgia,42.0,2020-03-13,3,11.0,,before,less_steep_1,42.0
86,Georgia,66.0,2020-03-14,4,24.0,,before,less_steep_1,66.0
87,Georgia,99.0,2020-03-15,5,33.0,,before,less_steep_1,99.0
88,Georgia,121.0,2020-03-16,6,22.0,,before,less_steep_1,121.0
89,Georgia,146.0,2020-03-17,7,25.0,,before,less_steep_1,146.0
90,Georgia,199.0,2020-03-18,8,53.0,,before,less_steep_1,199.0
91,Georgia,287.0,2020-03-19,9,88.0,,before,less_steep_1,287.0
92,Georgia,420.0,2020-03-20,10,133.0,,before,less_steep_1,420.0
93,Georgia,507.0,2020-03-21,11,87.0,,before,less_steep_1,507.0
94,Georgia,621.0,2020-03-22,12,114.0,,before,less_steep_1,621.0
95,Georgia,772.0,2020-03-23,13,151.0,,before,less_steep_1,772.0
96,Georgia,1026.0,2020-03-24,14,254.0,,before,less_steep_1,1026.0
97,Georgia,1247.0,2020-03-25,15,221.0,,before,less_steep_1,1247.0
98,Georgia,1525.0,2020-03-26,16,278.0,,before,less_steep_1,1525.0
99,Georgia,2000.0,2020-03-27,17,475.0,,before,less_steep_1,2000.0
100,Georgia,2366.0,2020-03-28,18,366.0,,before,less_steep_1,2366.0
101,Georgia,2651.0,2020-03-29,19,285.0,,before,less_steep_1,2651.0
102,Georgia,2808.0,2020-03-30,20,157.0,,before,less_steep_1,2808.0
103,Georgia,3929.0,2020-03-31,21,1121.0,,before,less_steep_1,3929.0
104,Georgia,4638.0,2020-04-01,22,709.0,,before,less_steep_1,4638.0
105,Georgia,5990.168212565286,2020-04-02,23,710.0,https://raw.githubusercontent.com/Murtz5253/covid19-vis/master/images/x-shelter.png,before,less_steep_1,5990.0
106,Georgia,5466.291597686509,2020-04-03,24,483.0,,after,less_steep_1,5466.0
107,Georgia,5481.674065167229,2020-04-04,25,329.0,,after,less_steep_1,5482.0
108,Georgia,5350.294782458184,2020-04-05,26,487.0,,after,less_steep_1,5350.0
109,Georgia,6168.701249141444,2020-04-06,27,667.0,,after,less_steep_1,6169.0
110,Georgia,6163.625232129072,2020-04-07,28,1508.0,,after,less_steep_1,6164.0
111,Georgia,5545.913149164535,2020-04-08,29,1079.0,,after,less_steep_1,5546.0
112,Georgia,5580.876782773588,2020-04-09,30,665.0,,after,less_steep_1,5581.0
113,Georgia,7082.691949058066,2020-04-10,31,919.0,,after,less_steep_1,7083.0
114,Georgia,6867.142982264148,2020-04-11,32,674.0,,after,less_steep_1,6867.0
115,Georgia,6778.296631243849,2020-04-12,33,293.0,,after,less_steep_1,6778.0
116,Georgia,5384.068103653912,2020-04-13,34,863.0,,after,less_steep_1,5384.0
117,Georgia,6846.219856270259,2020-04-14,35,1263.0,,after,less_steep_1,6846.0
118,Georgia,7173.169851008395,2020-04-15,36,409.0,,after,less_steep_1,7173.0
119,Georgia,7869.9662741586135,2020-04-16,37,682.0,,after,less_steep_1,7870.0
120,Georgia,7599.055679561114,2020-04-17,38,1525.0,,after,less_steep_1,7599.0
121,Georgia,7262.363396047816,2020-04-18,39,475.0,,after,less_steep_1,7262.0
122,Georgia,7488.527241121097,2020-04-19,40,632.0,,after,less_steep_1,7489.0
123,Georgia,8633.278466259051,2020-04-20,41,1106.0,,after,less_steep_1,8633.0
124,Georgia,7975.486187697491,2020-04-21,42,474.0,,after,less_steep_1,7975.0
125,Georgia,8431.061660484302,2020-04-22,43,1333.0,,after,less_steep_1,8431.0
126,Georgia,8581.114334362168,2020-04-23,44,669.0,,after,less_steep_1,8581.0
127,Georgia,9114.454234761255,2020-04-24,45,608.0,,after,less_steep_1,9114.0
128,Georgia,9159.53605027397,2020-04-25,46,731.0,,after,less_steep_1,9160.0
129,Georgia,8813.62705014264,2020-04-26,47,264.0,,after,less_steep_1,8814.0
130,Georgia,9483.667633951647,2020-04-27,48,816.0,,after,less_steep_1,9484.0
131,Georgia,9257.024947839805,2020-04-28,49,620.0,,after,less_steep_1,9257.0
132,Georgia,9799.072324306886,2020-04-29,50,853.0,,after,less_steep_1,9799.0
133,Georgia,10233.828658293176,2020-04-30,51,489.0,,after,less_steep_1,10234.0
134,Georgia,9366.573258273815,2020-05-01,52,1225.0,,after,less_steep_1,9367.0
135,Georgia,9900.040979398449,2020-05-02,53,842.0,,after,less_steep_1,9900.0
136,Georgia,9938.595145898038,2020-05-03,54,334.0,,after,less_steep_1,9939.0
137,Georgia,9921.040382127378,2020-05-04,55,786.0,,after,less_steep_1,9921.0
138,Georgia,9509.052836433799,2020-05-05,56,547.0,,after,less_steep_1,9509.0
139,Georgia,10542.469925456044,2020-05-06,57,745.0,,after,less_steep_1,10542.0
140,Georgia,11320.954024195687,2020-05-07,58,875.0,,after,less_steep_1,11321.0
141,Georgia,10538.150915523258,2020-05-08,59,563.0,,after,less_steep_1,10538.0
142,Georgia,9681.04930719581,2020-05-09,60,407.0,,after,less_steep_1,9681.0
143,Georgia,10405.230907480009,2020-05-10,61,992.0,,after,less_steep_1,10405.0
144,Georgia,11252.125538352386,2020-05-11,62,422.0,,after,less_steep_1,11252.0
145,Georgia,10539.354479744028,2020-05-12,63,922.0,,after,less_steep_1,10539.0
146,Georgia,11500.92745454971,2020-05-13,64,503.0,,after,less_steep_1,11501.0
147,Georgia,10918.851969901336,2020-05-14,65,550.0,,after,less_steep_1,10919.0
148,Georgia,11733.979127163824,2020-05-15,66,795.0,,after,less_steep_1,11734.0
149,Georgia,11585.592994128829,2020-05-16,67,440.0,,after,less_steep_1,11586.0
150,Georgia,10848.705712114486,2020-05-17,68,367.0,,after,less_steep_1,10849.0
151,Georgia,12500.600069399046,2020-05-18,69,704.0,,after,less_steep_1,12501.0
152,Georgia,11863.551271552575,2020-05-19,70,572.0,,after,less_steep_1,11864.0
153,Georgia,12355.125349255648,2020-05-20,71,946.0,,after,less_steep_1,12355.0
154,Georgia,12438.7083838188,2020-05-21,72,862.0,,after,less_steep_1,12439.0
155,Georgia,12042.969320465012,2020-05-22,73,819.0,,after,less_steep_1,12043.0
156,Georgia,12575.496022017142,2020-05-23,74,760.0,,after,less_steep_1,12575.0
157,Georgia,12470.803567483264,2020-05-24,75,660.0,,after,less_steep_1,12471.0
158,Georgia,13536.926771520108,2020-05-25,76,498.0,,after,less_steep_1,13537.0
159,Georgia,13146.037719295875,2020-05-26,77,583.0,,after,less_steep_1,13146.0
160,Georgia,12853.39607734026,2020-05-27,78,655.0,,after,less_steep_1,12853.0
161,Georgia,14076.17647686916,2020-05-28,79,628.0,,after,less_steep_1,14076.0
162,Georgia,14229.855548705567,2020-05-29,80,615.0,,after,less_steep_1,14230.0
163,Georgia,13296.664148586635,2020-05-30,81,450.0,,after,less_steep_1,13297.0
164,Georgia,17.0,2020-03-10,0,0.0,,before,less_steep_2,17.0
165,Georgia,23.0,2020-03-11,1,6.0,,before,less_steep_2,23.0
166,Georgia,31.0,2020-03-12,2,8.0,,before,less_steep_2,31.0
167,Georgia,42.0,2020-03-13,3,11.0,,before,less_steep_2,42.0
168,Georgia,66.0,2020-03-14,4,24.0,,before,less_steep_2,66.0
169,Georgia,99.0,2020-03-15,5,33.0,,before,less_steep_2,99.0
170,Georgia,121.0,2020-03-16,6,22.0,,before,less_steep_2,121.0
171,Georgia,146.0,2020-03-17,7,25.0,,before,less_steep_2,146.0
172,Georgia,199.0,2020-03-18,8,53.0,,before,less_steep_2,199.0
173,Georgia,287.0,2020-03-19,9,88.0,,before,less_steep_2,287.0
174,Georgia,420.0,2020-03-20,10,133.0,,before,less_steep_2,420.0
175,Georgia,507.0,2020-03-21,11,87.0,,before,less_steep_2,507.0
176,Georgia,621.0,2020-03-22,12,114.0,,before,less_steep_2,621.0
177,Georgia,772.0,2020-03-23,13,151.0,,before,less_steep_2,772.0
178,Georgia,1026.0,2020-03-24,14,254.0,,before,less_steep_2,1026.0
179,Georgia,1247.0,2020-03-25,15,221.0,,before,less_steep_2,1247.0
180,Georgia,1525.0,2020-03-26,16,278.0,,before,less_steep_2,1525.0
181,Georgia,2000.0,2020-03-27,17,475.0,,before,less_steep_2,2000.0
182,Georgia,2366.0,2020-03-28,18,366.0,,before,less_steep_2,2366.0
183,Georgia,2651.0,2020-03-29,19,285.0,,before,less_steep_2,2651.0
184,Georgia,2808.0,2020-03-30,20,157.0,,before,less_steep_2,2808.0
185,Georgia,3929.0,2020-03-31,21,1121.0,,before,less_steep_2,3929.0
186,Georgia,4638.0,2020-04-01,22,709.0,,before,less_steep_2,4638.0
187,Georgia,5676.7889223230795,2020-04-02,23,710.0,https://raw.githubusercontent.com/Murtz5253/covid19-vis/master/images/x-shelter.png,before,less_steep_2,5677.0
188,Georgia,5710.212109770781,2020-04-03,24,483.0,,after,less_steep_2,5710.0
189,Georgia,5287.656663919084,2020-04-04,25,329.0,,after,less_steep_2,5288.0
190,Georgia,6078.5066003665315,2020-04-05,26,487.0,,after,less_steep_2,6079.0
191,Georgia,5631.2643676431735,2020-04-06,27,667.0,,after,less_steep_2,5631.0
192,Georgia,5698.667819215396,2020-04-07,28,1508.0,,after,less_steep_2,5699.0
193,Georgia,7034.672605959207,2020-04-08,29,1079.0,,after,less_steep_2,7035.0
194,Georgia,7144.913331435612,2020-04-09,30,665.0,,after,less_steep_2,7145.0
195,Georgia,7302.5599273764865,2020-04-10,31,919.0,,after,less_steep_2,7303.0
196,Georgia,7250.76671400077,2020-04-11,32,674.0,,after,less_steep_2,7251.0
197,Georgia,7663.412981490928,2020-04-12,33,293.0,,after,less_steep_2,7663.0
198,Georgia,7574.780621915471,2020-04-13,34,863.0,,after,less_steep_2,7575.0
199,Georgia,7742.031359912915,2020-04-14,35,1263.0,,after,less_steep_2,7742.0
200,Georgia,7650.3862462294355,2020-04-15,36,409.0,,after,less_steep_2,7650.0
201,Georgia,7977.122295724553,2020-04-16,37,682.0,,after,less_steep_2,7977.0
202,Georgia,9184.051057045386,2020-04-17,38,1525.0,,after,less_steep_2,9184.0
203,Georgia,8466.381421793314,2020-04-18,39,475.0,,after,less_steep_2,8466.0
204,Georgia,9497.483764714347,2020-04-19,40,632.0,,after,less_steep_2,9497.0
205,Georgia,8730.605744188842,2020-04-20,41,1106.0,,after,less_steep_2,8731.0
206,Georgia,8920.146749814521,2020-04-21,42,474.0,,after,less_steep_2,8920.0
207,Georgia,9875.960558360615,2020-04-22,43,1333.0,,after,less_steep_2,9876.0
208,Georgia,9721.703829030923,2020-04-23,44,669.0,,after,less_steep_2,9722.0
209,Georgia,10707.318344537949,2020-04-24,45,608.0,,after,less_steep_2,10707.0
210,Georgia,8928.693178458843,2020-04-25,46,731.0,,after,less_steep_2,8929.0
211,Georgia,10290.809492605893,2020-04-26,47,264.0,,after,less_steep_2,10291.0
212,Georgia,10678.625834001408,2020-04-27,48,816.0,,after,less_steep_2,10679.0
213,Georgia,10897.147824082977,2020-04-28,49,620.0,,after,less_steep_2,10897.0
214,Georgia,10891.07586115638,2020-04-29,50,853.0,,after,less_steep_2,10891.0
215,Georgia,10139.943647100743,2020-04-30,51,489.0,,after,less_steep_2,10140.0
216,Georgia,11155.497398357746,2020-05-01,52,1225.0,,after,less_steep_2,11155.0
217,Georgia,11799.394453306311,2020-05-02,53,842.0,,after,less_steep_2,11799.0
218,Georgia,11445.35567501768,2020-05-03,54,334.0,,after,less_steep_2,11445.0
219,Georgia,12445.82497480642,2020-05-04,55,786.0,,after,less_steep_2,12446.0
220,Georgia,11505.886164225945,2020-05-05,56,547.0,,after,less_steep_2,11506.0
221,Georgia,12816.269618147624,2020-05-06,57,745.0,,after,less_steep_2,12816.0
222,Georgia,11979.360355014183,2020-05-07,58,875.0,,after,less_steep_2,11979.0
223,Georgia,12620.736546883365,2020-05-08,59,563.0,,after,less_steep_2,12621.0
224,Georgia,12976.248510818697,2020-05-09,60,407.0,,after,less_steep_2,12976.0
225,Georgia,11631.854486777103,2020-05-10,61,992.0,,after,less_steep_2,11632.0
226,Georgia,12367.082455935357,2020-05-11,62,422.0,,after,less_steep_2,12367.0
227,Georgia,13096.641845777147,2020-05-12,63,922.0,,after,less_steep_2,13097.0
228,Georgia,12763.991384049412,2020-05-13,64,503.0,,after,less_steep_2,12764.0
229,Georgia,13777.611189953766,2020-05-14,65,550.0,,after,less_steep_2,13778.0
230,Georgia,13761.45719306313,2020-05-15,66,795.0,,after,less_steep_2,13761.0
231,Georgia,14346.336487004686,2020-05-16,67,440.0,,after,less_steep_2,14346.0
232,Georgia,13921.778713890995,2020-05-17,68,367.0,,after,less_steep_2,13922.0
233,Georgia,14196.367050225788,2020-05-18,69,704.0,,after,less_steep_2,14196.0
234,Georgia,14380.827967794734,2020-05-19,70,572.0,,after,less_steep_2,14381.0
235,Georgia,13740.577552848454,2020-05-20,71,946.0,,after,less_steep_2,13741.0
236,Georgia,14459.877275203296,2020-05-21,72,862.0,,after,less_steep_2,14460.0
237,Georgia,15257.626143609798,2020-05-22,73,819.0,,after,less_steep_2,15258.0
238,Georgia,15490.333703369237,2020-05-23,74,760.0,,after,less_steep_2,15490.0
239,Georgia,15164.552265167318,2020-05-24,75,660.0,,after,less_steep_2,15165.0
240,Georgia,15444.795693098818,2020-05-25,76,498.0,,after,less_steep_2,15445.0
241,Georgia,15581.877293476839,2020-05-26,77,583.0,,after,less_steep_2,15582.0
242,Georgia,16170.179155293023,2020-05-27,78,655.0,,after,less_steep_2,16170.0
243,Georgia,15871.354281955146,2020-05-28,79,628.0,,after,less_steep_2,15871.0
244,Georgia,16560.163621037234,2020-05-29,80,615.0,,after,less_steep_2,16560.0
245,Georgia,15885.222262572544,2020-05-30,81,450.0,,after,less_steep_2,15885.0
246,Georgia,17.0,2020-03-10,0,0.0,,before,less_steep_3,17.0
247,Georgia,23.0,2020-03-11,1,6.0,,before,less_steep_3,23.0
248,Georgia,31.0,2020-03-12,2,8.0,,before,less_steep_3,31.0
249,Georgia,42.0,2020-03-13,3,11.0,,before,less_steep_3,42.0
250,Georgia,66.0,2020-03-14,4,24.0,,before,less_steep_3,66.0
251,Georgia,99.0,2020-03-15,5,33.0,,before,less_steep_3,99.0
252,Georgia,121.0,2020-03-16,6,22.0,,before,less_steep_3,121.0
253,Georgia,146.0,2020-03-17,7,25.0,,before,less_steep_3,146.0
254,Georgia,199.0,2020-03-18,8,53.0,,before,less_steep_3,199.0
255,Georgia,287.0,2020-03-19,9,88.0,,before,less_steep_3,287.0
256,Georgia,420.0,2020-03-20,10,133.0,,before,less_steep_3,420.0
257,Georgia,507.0,2020-03-21,11,87.0,,before,less_steep_3,507.0
258,Georgia,621.0,2020-03-22,12,114.0,,before,less_steep_3,621.0
259,Georgia,772.0,2020-03-23,13,151.0,,before,less_steep_3,772.0
260,Georgia,1026.0,2020-03-24,14,254.0,,before,less_steep_3,1026.0
261,Georgia,1247.0,2020-03-25,15,221.0,,before,less_steep_3,1247.0
262,Georgia,1525.0,2020-03-26,16,278.0,,before,less_steep_3,1525.0
263,Georgia,2000.0,2020-03-27,17,475.0,,before,less_steep_3,2000.0
264,Georgia,2366.0,2020-03-28,18,366.0,,before,less_steep_3,2366.0
265,Georgia,2651.0,2020-03-29,19,285.0,,before,less_steep_3,2651.0
266,Georgia,2808.0,2020-03-30,20,157.0,,before,less_steep_3,2808.0
267,Georgia,3929.0,2020-03-31,21,1121.0,,before,less_steep_3,3929.0
268,Georgia,4638.0,2020-04-01,22,709.0,,before,less_steep_3,4638.0
269,Georgia,5511.365688637206,2020-04-02,23,710.0,https://raw.githubusercontent.com/Murtz5253/covid19-vis/master/images/x-shelter.png,before,less_steep_3,5511.0
270,Georgia,5425.1392349460575,2020-04-03,24,483.0,,after,less_steep_3,5425.0
271,Georgia,6239.169598889907,2020-04-04,25,329.0,,after,less_steep_3,6239.0
272,Georgia,6079.79289867584,2020-04-05,26,487.0,,after,less_steep_3,6080.0
273,Georgia,6865.885745217565,2020-04-06,27,667.0,,after,less_steep_3,6866.0
274,Georgia,6577.181902019422,2020-04-07,28,1508.0,,after,less_steep_3,6577.0
275,Georgia,6974.433632012839,2020-04-08,29,1079.0,,after,less_steep_3,6974.0
276,Georgia,8079.632509885651,2020-04-09,30,665.0,,after,less_steep_3,8080.0
277,Georgia,7794.446046353283,2020-04-10,31,919.0,,after,less_steep_3,7794.0
278,Georgia,8078.911623674292,2020-04-11,32,674.0,,after,less_steep_3,8079.0
279,Georgia,7754.531965873292,2020-04-12,33,293.0,,after,less_steep_3,7755.0
280,Georgia,8731.829937224782,2020-04-13,34,863.0,,after,less_steep_3,8732.0
281,Georgia,8692.186030154622,2020-04-14,35,1263.0,,after,less_steep_3,8692.0
282,Georgia,9671.915053300161,2020-04-15,36,409.0,,after,less_steep_3,9672.0
283,Georgia,9094.406746163208,2020-04-16,37,682.0,,after,less_steep_3,9094.0
284,Georgia,9437.07841142848,2020-04-17,38,1525.0,,after,less_steep_3,9437.0
285,Georgia,9893.205331188845,2020-04-18,39,475.0,,after,less_steep_3,9893.0
286,Georgia,10024.10927981555,2020-04-19,40,632.0,,after,less_steep_3,10024.0
287,Georgia,11397.679877975606,2020-04-20,41,1106.0,,after,less_steep_3,11398.0
288,Georgia,11080.454477752664,2020-04-21,42,474.0,,after,less_steep_3,11080.0
289,Georgia,10923.126395868912,2020-04-22,43,1333.0,,after,less_steep_3,10923.0
290,Georgia,11528.494801716939,2020-04-23,44,669.0,,after,less_steep_3,11528.0
291,Georgia,11984.882347745812,2020-04-24,45,608.0,,after,less_steep_3,11985.0
292,Georgia,12181.243155917382,2020-04-25,46,731.0,,after,less_steep_3,12181.0
293,Georgia,13107.414448513899,2020-04-26,47,264.0,,after,less_steep_3,13107.0
294,Georgia,12897.3969129614,2020-04-27,48,816.0,,after,less_steep_3,12897.0
295,Georgia,13276.152277725132,2020-04-28,49,620.0,,after,less_steep_3,13276.0
296,Georgia,13166.264617980252,2020-04-29,50,853.0,,after,less_steep_3,13166.0
297,Georgia,13609.645647922536,2020-04-30,51,489.0,,after,less_steep_3,13610.0
298,Georgia,13823.165281118923,2020-05-01,52,1225.0,,after,less_steep_3,13823.0
299,Georgia,13770.27211132396,2020-05-02,53,842.0,,after,less_steep_3,13770.0
300,Georgia,15044.894599626436,2020-05-03,54,334.0,,after,less_steep_3,15045.0
301,Georgia,14412.057747715466,2020-05-04,55,786.0,,after,less_steep_3,14412.0
302,Georgia,14767.039772608803,2020-05-05,56,547.0,,after,less_steep_3,14767.0
303,Georgia,15173.879354809274,2020-05-06,57,745.0,,after,less_steep_3,15174.0
304,Georgia,14617.588071286616,2020-05-07,58,875.0,,after,less_steep_3,14618.0
305,Georgia,15651.692393920188,2020-05-08,59,563.0,,after,less_steep_3,15652.0
306,Georgia,16704.8817060597,2020-05-09,60,407.0,,after,less_steep_3,16705.0
307,Georgia,16436.460388339496,2020-05-10,61,992.0,,after,less_steep_3,16436.0
308,Georgia,17413.92499566622,2020-05-11,62,422.0,,after,less_steep_3,17414.0
309,Georgia,16013.79869780363,2020-05-12,63,922.0,,after,less_steep_3,16014.0
310,Georgia,16810.76247637466,2020-05-13,64,503.0,,after,less_steep_3,16811.0
311,Georgia,16907.3935877313,2020-05-14,65,550.0,,after,less_steep_3,16907.0
312,Georgia,17114.107689377695,2020-05-15,66,795.0,,after,less_steep_3,17114.0
313,Georgia,18845.911262296482,2020-05-16,67,440.0,,after,less_steep_3,18846.0
314,Georgia,18125.939642787172,2020-05-17,68,367.0,,after,less_steep_3,18126.0
315,Georgia,18671.108141687357,2020-05-18,69,704.0,,after,less_steep_3,18671.0
316,Georgia,19198.022264647792,2020-05-19,70,572.0,,after,less_steep_3,19198.0
317,Georgia,19983.690376174538,2020-05-20,71,946.0,,after,less_steep_3,19984.0
318,Georgia,19541.606805591502,2020-05-21,72,862.0,,after,less_steep_3,19542.0
319,Georgia,20313.394297788866,2020-05-22,73,819.0,,after,less_steep_3,20313.0
320,Georgia,20273.745491327292,2020-05-23,74,760.0,,after,less_steep_3,20274.0
321,Georgia,20667.241000397236,2020-05-24,75,660.0,,after,less_steep_3,20667.0
322,Georgia,20855.921943657537,2020-05-25,76,498.0,,after,less_steep_3,20856.0
323,Georgia,21685.4782108732,2020-05-26,77,583.0,,after,less_steep_3,21685.0
324,Georgia,21561.11209088241,2020-05-27,78,655.0,,after,less_steep_3,21561.0
325,Georgia,21124.975595398253,2020-05-28,79,628.0,,after,less_steep_3,21125.0
326,Georgia,21573.97522263383,2020-05-29,80,615.0,,after,less_steep_3,21574.0
327,Georgia,22332.1837769903,2020-05-30,81,450.0,,after,less_steep_3,22332.0
328,Georgia,17.0,2020-03-10,0,0.0,,before,less_steep_4,17.0
329,Georgia,23.0,2020-03-11,1,6.0,,before,less_steep_4,23.0
330,Georgia,31.0,2020-03-12,2,8.0,,before,less_steep_4,31.0
331,Georgia,42.0,2020-03-13,3,11.0,,before,less_steep_4,42.0
332,Georgia,66.0,2020-03-14,4,24.0,,before,less_steep_4,66.0
333,Georgia,99.0,2020-03-15,5,33.0,,before,less_steep_4,99.0
334,Georgia,121.0,2020-03-16,6,22.0,,before,less_steep_4,121.0
335,Georgia,146.0,2020-03-17,7,25.0,,before,less_steep_4,146.0
336,Georgia,199.0,2020-03-18,8,53.0,,before,less_steep_4,199.0
337,Georgia,287.0,2020-03-19,9,88.0,,before,less_steep_4,287.0
338,Georgia,420.0,2020-03-20,10,133.0,,before,less_steep_4,420.0
339,Georgia,507.0,2020-03-21,11,87.0,,before,less_steep_4,507.0
340,Georgia,621.0,2020-03-22,12,114.0,,before,less_steep_4,621.0
341,Georgia,772.0,2020-03-23,13,151.0,,before,less_steep_4,772.0
342,Georgia,1026.0,2020-03-24,14,254.0,,before,less_steep_4,1026.0
343,Georgia,1247.0,2020-03-25,15,221.0,,before,less_steep_4,1247.0
344,Georgia,1525.0,2020-03-26,16,278.0,,before,less_steep_4,1525.0
345,Georgia,2000.0,2020-03-27,17,475.0,,before,less_steep_4,2000.0
346,Georgia,2366.0,2020-03-28,18,366.0,,before,less_steep_4,2366.0
347,Georgia,2651.0,2020-03-29,19,285.0,,before,less_steep_4,2651.0
348,Georgia,2808.0,2020-03-30,20,157.0,,before,less_steep_4,2808.0
349,Georgia,3929.0,2020-03-31,21,1121.0,,before,less_steep_4,3929.0
350,Georgia,4638.0,2020-04-01,22,709.0,,before,less_steep_4,4638.0
351,Georgia,5238.001065030154,2020-04-02,23,710.0,https://raw.githubusercontent.com/Murtz5253/covid19-vis/master/images/x-shelter.png,before,less_steep_4,5238.0
352,Georgia,5990.207797299668,2020-04-03,24,483.0,,after,less_steep_4,5990.0
353,Georgia,6208.568368862367,2020-04-04,25,329.0,,after,less_steep_4,6209.0
354,Georgia,5600.6051571632415,2020-04-05,26,487.0,,after,less_steep_4,5601.0
355,Georgia,6478.774924828064,2020-04-06,27,667.0,,after,less_steep_4,6479.0
356,Georgia,7172.139622551712,2020-04-07,28,1508.0,,after,less_steep_4,7172.0
357,Georgia,6915.62215214127,2020-04-08,29,1079.0,,after,less_steep_4,6916.0
358,Georgia,7616.119168265993,2020-04-09,30,665.0,,after,less_steep_4,7616.0
359,Georgia,6996.326258780598,2020-04-10,31,919.0,,after,less_steep_4,6996.0
360,Georgia,7572.945476476091,2020-04-11,32,674.0,,after,less_steep_4,7573.0
361,Georgia,8847.958330110552,2020-04-12,33,293.0,,after,less_steep_4,8848.0
362,Georgia,7511.395903296416,2020-04-13,34,863.0,,after,less_steep_4,7511.0
363,Georgia,8435.132805769026,2020-04-14,35,1263.0,,after,less_steep_4,8435.0
364,Georgia,9741.213172753112,2020-04-15,36,409.0,,after,less_steep_4,9741.0
365,Georgia,8958.416372501448,2020-04-16,37,682.0,,after,less_steep_4,8958.0
366,Georgia,9324.962214353774,2020-04-17,38,1525.0,,after,less_steep_4,9325.0
367,Georgia,9708.293288824554,2020-04-18,39,475.0,,after,less_steep_4,9708.0
368,Georgia,10259.116664460245,2020-04-19,40,632.0,,after,less_steep_4,10259.0
369,Georgia,10067.398199163958,2020-04-20,41,1106.0,,after,less_steep_4,10067.0
370,Georgia,10907.061542306785,2020-04-21,42,474.0,,after,less_steep_4,10907.0
371,Georgia,9867.261989759903,2020-04-22,43,1333.0,,after,less_steep_4,9867.0
372,Georgia,11132.92944949858,2020-04-23,44,669.0,,after,less_steep_4,11133.0
373,Georgia,11824.29867273661,2020-04-24,45,608.0,,after,less_steep_4,11824.0
374,Georgia,12459.633413528081,2020-04-25,46,731.0,,after,less_steep_4,12460.0
375,Georgia,12692.50091982727,2020-04-26,47,264.0,,after,less_steep_4,12693.0
376,Georgia,12752.781235111432,2020-04-27,48,816.0,,after,less_steep_4,12753.0
377,Georgia,12323.0303827538,2020-04-28,49,620.0,,after,less_steep_4,12323.0
378,Georgia,13086.590300969718,2020-04-29,50,853.0,,after,less_steep_4,13087.0
379,Georgia,14187.063177501961,2020-04-30,51,489.0,,after,less_steep_4,14187.0
380,Georgia,13212.003232790526,2020-05-01,52,1225.0,,after,less_steep_4,13212.0
381,Georgia,13903.928937964758,2020-05-02,53,842.0,,after,less_steep_4,13904.0
382,Georgia,13912.601839295334,2020-05-03,54,334.0,,after,less_steep_4,13913.0
383,Georgia,14574.756533255868,2020-05-04,55,786.0,,after,less_steep_4,14575.0
384,Georgia,15173.009644290447,2020-05-05,56,547.0,,after,less_steep_4,15173.0
385,Georgia,14656.318231406529,2020-05-06,57,745.0,,after,less_steep_4,14656.0
386,Georgia,15461.715761904046,2020-05-07,58,875.0,,after,less_steep_4,15462.0
387,Georgia,16456.079697416375,2020-05-08,59,563.0,,after,less_steep_4,16456.0
388,Georgia,16092.148250026408,2020-05-09,60,407.0,,after,less_steep_4,16092.0
389,Georgia,15503.600541326488,2020-05-10,61,992.0,,after,less_steep_4,15504.0
390,Georgia,16726.84690441178,2020-05-11,62,422.0,,after,less_steep_4,16727.0
391,Georgia,16911.123578676237,2020-05-12,63,922.0,,after,less_steep_4,16911.0
392,Georgia,16464.23868781531,2020-05-13,64,503.0,,after,less_steep_4,16464.0
393,Georgia,18662.9141835194,2020-05-14,65,550.0,,after,less_steep_4,18663.0
394,Georgia,17876.58134110009,2020-05-15,66,795.0,,after,less_steep_4,17877.0
395,Georgia,18746.047334199033,2020-05-16,67,440.0,,after,less_steep_4,18746.0
396,Georgia,19350.67215884228,2020-05-17,68,367.0,,after,less_steep_4,19351.0
397,Georgia,18760.46489177326,2020-05-18,69,704.0,,after,less_steep_4,18760.0
398,Georgia,19246.24517349809,2020-05-19,70,572.0,,after,less_steep_4,19246.0
399,Georgia,18779.530349339497,2020-05-20,71,946.0,,after,less_steep_4,18780.0
400,Georgia,20352.598946778115,2020-05-21,72,862.0,,after,less_steep_4,20353.0
401,Georgia,19636.58526596238,2020-05-22,73,819.0,,after,less_steep_4,19637.0
402,Georgia,20152.33188704033,2020-05-23,74,760.0,,after,less_steep_4,20152.0
403,Georgia,20677.936366658516,2020-05-24,75,660.0,,after,less_steep_4,20678.0
404,Georgia,20615.042304206425,2020-05-25,76,498.0,,after,less_steep_4,20615.0
405,Georgia,21684.511546855825,2020-05-26,77,583.0,,after,less_steep_4,21685.0
406,Georgia,21434.812238113955,2020-05-27,78,655.0,,after,less_steep_4,21435.0
407,Georgia,21759.116918966927,2020-05-28,79,628.0,,after,less_steep_4,21759.0
408,Georgia,20904.79219393633,2020-05-29,80,615.0,,after,less_steep_4,20905.0
409,Georgia,23341.453662760072,2020-05-30,81,450.0,,after,less_steep_4,23341.0
410,Georgia,17.0,2020-03-10,0,0.0,,before,less_steep_5,17.0
411,Georgia,23.0,2020-03-11,1,6.0,,before,less_steep_5,23.0
412,Georgia,31.0,2020-03-12,2,8.0,,before,less_steep_5,31.0
413,Georgia,42.0,2020-03-13,3,11.0,,before,less_steep_5,42.0
414,Georgia,66.0,2020-03-14,4,24.0,,before,less_steep_5,66.0
415,Georgia,99.0,2020-03-15,5,33.0,,before,less_steep_5,99.0
416,Georgia,121.0,2020-03-16,6,22.0,,before,less_steep_5,121.0
417,Georgia,146.0,2020-03-17,7,25.0,,before,less_steep_5,146.0
418,Georgia,199.0,2020-03-18,8,53.0,,before,less_steep_5,199.0
419,Georgia,287.0,2020-03-19,9,88.0,,before,less_steep_5,287.0
420,Georgia,420.0,2020-03-20,10,133.0,,before,less_steep_5,420.0
421,Georgia,507.0,2020-03-21,11,87.0,,before,less_steep_5,507.0
422,Georgia,621.0,2020-03-22,12,114.0,,before,less_steep_5,621.0
423,Georgia,772.0,2020-03-23,13,151.0,,before,less_steep_5,772.0
424,Georgia,1026.0,2020-03-24,14,254.0,,before,less_steep_5,1026.0
425,Georgia,1247.0,2020-03-25,15,221.0,,before,less_steep_5,1247.0
426,Georgia,1525.0,2020-03-26,16,278.0,,before,less_steep_5,1525.0
427,Georgia,2000.0,2020-03-27,17,475.0,,before,less_steep_5,2000.0
428,Georgia,2366.0,2020-03-28,18,366.0,,before,less_steep_5,2366.0
429,Georgia,2651.0,2020-03-29,19,285.0,,before,less_steep_5,2651.0
430,Georgia,2808.0,2020-03-30,20,157.0,,before,less_steep_5,2808.0
431,Georgia,3929.0,2020-03-31,21,1121.0,,before,less_steep_5,3929.0
432,Georgia,4638.0,2020-04-01,22,709.0,,before,less_steep_5,4638.0
433,Georgia,4980.005756962097,2020-04-02,23,710.0,https://raw.githubusercontent.com/Murtz5253/covid19-vis/master/images/x-shelter.png,before,less_steep_5,4980.0
434,Georgia,6140.641821311432,2020-04-03,24,483.0,,after,less_steep_5,6141.0
435,Georgia,5754.5707174242125,2020-04-04,25,329.0,,after,less_steep_5,5755.0
436,Georgia,6603.14535589352,2020-04-05,26,487.0,,after,less_steep_5,6603.0
437,Georgia,7118.661652740791,2020-04-06,27,667.0,,after,less_steep_5,7119.0
438,Georgia,8329.116892541195,2020-04-07,28,1508.0,,after,less_steep_5,8329.0
439,Georgia,7780.518137810204,2020-04-08,29,1079.0,,after,less_steep_5,7781.0
440,Georgia,8672.095568671512,2020-04-09,30,665.0,,after,less_steep_5,8672.0
441,Georgia,9183.530559192573,2020-04-10,31,919.0,,after,less_steep_5,9184.0
442,Georgia,9214.893036178388,2020-04-11,32,674.0,,after,less_steep_5,9215.0
443,Georgia,9833.754920220523,2020-04-12,33,293.0,,after,less_steep_5,9834.0
444,Georgia,10210.366781392473,2020-04-13,34,863.0,,after,less_steep_5,10210.0
445,Georgia,10295.842059660981,2020-04-14,35,1263.0,,after,less_steep_5,10296.0
446,Georgia,10852.538852744436,2020-04-15,36,409.0,,after,less_steep_5,10853.0
447,Georgia,10953.979947921442,2020-04-16,37,682.0,,after,less_steep_5,10954.0
448,Georgia,11341.218445673097,2020-04-17,38,1525.0,,after,less_steep_5,11341.0
449,Georgia,12294.406851743257,2020-04-18,39,475.0,,after,less_steep_5,12294.0
450,Georgia,13479.391003985156,2020-04-19,40,632.0,,after,less_steep_5,13479.0
451,Georgia,13717.814947533383,2020-04-20,41,1106.0,,after,less_steep_5,13718.0
452,Georgia,14024.413498563372,2020-04-21,42,474.0,,after,less_steep_5,14024.0
453,Georgia,13679.05791895424,2020-04-22,43,1333.0,,after,less_steep_5,13679.0
454,Georgia,14738.783863663382,2020-04-23,44,669.0,,after,less_steep_5,14739.0
455,Georgia,14321.802084141525,2020-04-24,45,608.0,,after,less_steep_5,14322.0
456,Georgia,15999.00927849749,2020-04-25,46,731.0,,after,less_steep_5,15999.0
457,Georgia,15945.466635178971,2020-04-26,47,264.0,,after,less_steep_5,15945.0
458,Georgia,16031.419626471743,2020-04-27,48,816.0,,after,less_steep_5,16031.0
459,Georgia,16712.86375297523,2020-04-28,49,620.0,,after,less_steep_5,16713.0
460,Georgia,17428.337867871567,2020-04-29,50,853.0,,after,less_steep_5,17428.0
461,Georgia,16679.29273362278,2020-04-30,51,489.0,,after,less_steep_5,16679.0
462,Georgia,18578.32774648708,2020-05-01,52,1225.0,,after,less_steep_5,18578.0
463,Georgia,18339.209365384468,2020-05-02,53,842.0,,after,less_steep_5,18339.0
464,Georgia,19089.65094734626,2020-05-03,54,334.0,,after,less_steep_5,19090.0
465,Georgia,18625.34856365937,2020-05-04,55,786.0,,after,less_steep_5,18625.0
466,Georgia,19281.63784328104,2020-05-05,56,547.0,,after,less_steep_5,19282.0
467,Georgia,20041.363433760787,2020-05-06,57,745.0,,after,less_steep_5,20041.0
468,Georgia,21568.35945230598,2020-05-07,58,875.0,,after,less_steep_5,21568.0
469,Georgia,21471.719951760675,2020-05-08,59,563.0,,after,less_steep_5,21472.0
470,Georgia,22051.12477706134,2020-05-09,60,407.0,,after,less_steep_5,22051.0
471,Georgia,21735.12604196145,2020-05-10,61,992.0,,after,less_steep_5,21735.0
472,Georgia,22257.823524916905,2020-05-11,62,422.0,,after,less_steep_5,22258.0
473,Georgia,22434.967674877233,2020-05-12,63,922.0,,after,less_steep_5,22435.0
474,Georgia,23051.005833495194,2020-05-13,64,503.0,,after,less_steep_5,23051.0
475,Georgia,24200.995926137635,2020-05-14,65,550.0,,after,less_steep_5,24201.0
476,Georgia,24397.421746187596,2020-05-15,66,795.0,,after,less_steep_5,24397.0
477,Georgia,24177.438718056314,2020-05-16,67,440.0,,after,less_steep_5,24177.0
478,Georgia,25583.964884608617,2020-05-17,68,367.0,,after,less_steep_5,25584.0
479,Georgia,24162.658693568577,2020-05-18,69,704.0,,after,less_steep_5,24163.0
480,Georgia,24837.707304853233,2020-05-19,70,572.0,,after,less_steep_5,24838.0
481,Georgia,26979.96360104784,2020-05-20,71,946.0,,after,less_steep_5,26980.0
482,Georgia,26551.29049138876,2020-05-21,72,862.0,,after,less_steep_5,26551.0
483,Georgia,26621.991857429177,2020-05-22,73,819.0,,after,less_steep_5,26622.0
484,Georgia,27597.1481350901,2020-05-23,74,760.0,,after,less_steep_5,27597.0
485,Georgia,26951.98379001508,2020-05-24,75,660.0,,after,less_steep_5,26952.0
486,Georgia,28259.275358683535,2020-05-25,76,498.0,,after,less_steep_5,28259.0
487,Georgia,29484.888168096146,2020-05-26,77,583.0,,after,less_steep_5,29485.0
488,Georgia,29510.54793207995,2020-05-27,78,655.0,,after,less_steep_5,29511.0
489,Georgia,29508.402634544836,2020-05-28,79,628.0,,after,less_steep_5,29508.0
490,Georgia,30895.81860827336,2020-05-29,80,615.0,,after,less_steep_5,30896.0
491,Georgia,30102.277123303706,2020-05-30,81,450.0,,after,less_steep_5,30102.0
492,Georgia,17.0,2020-03-10,0,0.0,,before,steeper_1,17.0
493,Georgia,23.0,2020-03-11,1,6.0,,before,steeper_1,23.0
494,Georgia,31.0,2020-03-12,2,8.0,,before,steeper_1,31.0
495,Georgia,42.0,2020-03-13,3,11.0,,before,steeper_1,42.0
496,Georgia,66.0,2020-03-14,4,24.0,,before,steeper_1,66.0
497,Georgia,99.0,2020-03-15,5,33.0,,before,steeper_1,99.0
498,Georgia,121.0,2020-03-16,6,22.0,,before,steeper_1,121.0
499,Georgia,146.0,2020-03-17,7,25.0,,before,steeper_1,146.0
500,Georgia,199.0,2020-03-18,8,53.0,,before,steeper_1,199.0
501,Georgia,287.0,2020-03-19,9,88.0,,before,steeper_1,287.0
502,Georgia,420.0,2020-03-20,10,133.0,,before,steeper_1,420.0
503,Georgia,507.0,2020-03-21,11,87.0,,before,steeper_1,507.0
504,Georgia,621.0,2020-03-22,12,114.0,,before,steeper_1,621.0
505,Georgia,772.0,2020-03-23,13,151.0,,before,steeper_1,772.0
506,Georgia,1026.0,2020-03-24,14,254.0,,before,steeper_1,1026.0
507,Georgia,1247.0,2020-03-25,15,221.0,,before,steeper_1,1247.0
508,Georgia,1525.0,2020-03-26,16,278.0,,before,steeper_1,1525.0
509,Georgia,2000.0,2020-03-27,17,475.0,,before,steeper_1,2000.0
510,Georgia,2366.0,2020-03-28,18,366.0,,before,steeper_1,2366.0
511,Georgia,2651.0,2020-03-29,19,285.0,,before,steeper_1,2651.0
512,Georgia,2808.0,2020-03-30,20,157.0,,before,steeper_1,2808.0
513,Georgia,3929.0,2020-03-31,21,1121.0,,before,steeper_1,3929.0
514,Georgia,4638.0,2020-04-01,22,709.0,,before,steeper_1,4638.0
515,Georgia,5294.801200642452,2020-04-02,23,710.0,https://raw.githubusercontent.com/Murtz5253/covid19-vis/master/images/x-shelter.png,before,steeper_1,5295.0
516,Georgia,5955.941885721785,2020-04-03,24,483.0,,after,steeper_1,5956.0
517,Georgia,6243.291958977146,2020-04-04,25,329.0,,after,steeper_1,6243.0
518,Georgia,6965.213969291336,2020-04-05,26,487.0,,after,steeper_1,6965.0
519,Georgia,7375.190851281,2020-04-06,27,667.0,,after,steeper_1,7375.0
520,Georgia,7791.383403478869,2020-04-07,28,1508.0,,after,steeper_1,7791.0
521,Georgia,8448.955685068337,2020-04-08,29,1079.0,,after,steeper_1,8449.0
522,Georgia,9089.000371371401,2020-04-09,30,665.0,,after,steeper_1,9089.0
523,Georgia,9650.177424916574,2020-04-10,31,919.0,,after,steeper_1,9650.0
524,Georgia,10226.727126684003,2020-04-11,32,674.0,,after,steeper_1,10227.0
525,Georgia,10695.908400992279,2020-04-12,33,293.0,,after,steeper_1,10696.0
526,Georgia,11289.948346614181,2020-04-13,34,863.0,,after,steeper_1,11290.0
527,Georgia,12029.558440422461,2020-04-14,35,1263.0,,after,steeper_1,12030.0
528,Georgia,12665.94109109941,2020-04-15,36,409.0,,after,steeper_1,12666.0
529,Georgia,13384.980706625158,2020-04-16,37,682.0,,after,steeper_1,13385.0
530,Georgia,13907.754944838938,2020-04-17,38,1525.0,,after,steeper_1,13908.0
531,Georgia,14433.957811300597,2020-04-18,39,475.0,,after,steeper_1,14434.0
532,Georgia,15136.005855044079,2020-04-19,40,632.0,,after,steeper_1,15136.0
533,Georgia,15862.076233944392,2020-04-20,41,1106.0,,after,steeper_1,15862.0
534,Georgia,16635.709733586827,2020-04-21,42,474.0,,after,steeper_1,16636.0
535,Georgia,17247.992822450728,2020-04-22,43,1333.0,,after,steeper_1,17248.0
536,Georgia,18058.645911722913,2020-04-23,44,669.0,,after,steeper_1,18059.0
537,Georgia,18754.610112798226,2020-04-24,45,608.0,,after,steeper_1,18755.0
538,Georgia,19419.718735870887,2020-04-25,46,731.0,,after,steeper_1,19420.0
539,Georgia,20240.886543523793,2020-04-26,47,264.0,,after,steeper_1,20241.0
540,Georgia,20894.12078211499,2020-04-27,48,816.0,,after,steeper_1,20894.0
541,Georgia,21705.580032114187,2020-04-28,49,620.0,,after,steeper_1,21706.0
542,Georgia,22474.267365444546,2020-04-29,50,853.0,,after,steeper_1,22474.0
543,Georgia,23392.005751128472,2020-04-30,51,489.0,,after,steeper_1,23392.0
544,Georgia,24047.012171112325,2020-05-01,52,1225.0,,after,steeper_1,24047.0
545,Georgia,24812.07265786025,2020-05-02,53,842.0,,after,steeper_1,24812.0
546,Georgia,25535.800716582584,2020-05-03,54,334.0,,after,steeper_1,25536.0
547,Georgia,26556.995810174358,2020-05-04,55,786.0,,after,steeper_1,26557.0
548,Georgia,27147.791970236423,2020-05-05,56,547.0,,after,steeper_1,27148.0
549,Georgia,28099.335077063755,2020-05-06,57,745.0,,after,steeper_1,28099.0
550,Georgia,28911.491482967023,2020-05-07,58,875.0,,after,steeper_1,28911.0
551,Georgia,29699.3892280195,2020-05-08,59,563.0,,after,steeper_1,29699.0
552,Georgia,30571.19891470827,2020-05-09,60,407.0,,after,steeper_1,30571.0
553,Georgia,31459.904050980665,2020-05-10,61,992.0,,after,steeper_1,31460.0
554,Georgia,32271.266948772645,2020-05-11,62,422.0,,after,steeper_1,32271.0
555,Georgia,33049.857099130335,2020-05-12,63,922.0,,after,steeper_1,33050.0
556,Georgia,34042.14931706639,2020-05-13,64,503.0,,after,steeper_1,34042.0
557,Georgia,34853.68538250281,2020-05-14,65,550.0,,after,steeper_1,34854.0
558,Georgia,35845.365830614006,2020-05-15,66,795.0,,after,steeper_1,35845.0
559,Georgia,36656.27156309593,2020-05-16,67,440.0,,after,steeper_1,36656.0
560,Georgia,37662.100826256654,2020-05-17,68,367.0,,after,steeper_1,37662.0
561,Georgia,38541.0020410963,2020-05-18,69,704.0,,after,steeper_1,38541.0
562,Georgia,39467.94735594342,2020-05-19,70,572.0,,after,steeper_1,39468.0
563,Georgia,40347.58042681202,2020-05-20,71,946.0,,after,steeper_1,40348.0
564,Georgia,41467.218593911144,2020-05-21,72,862.0,,after,steeper_1,41467.0
565,Georgia,42287.32475538603,2020-05-22,73,819.0,,after,steeper_1,42287.0
566,Georgia,43108.453723396626,2020-05-23,74,760.0,,after,steeper_1,43108.0
567,Georgia,44039.38572292138,2020-05-24,75,660.0,,after,steeper_1,44039.0
568,Georgia,45256.30017607942,2020-05-25,76,498.0,,after,steeper_1,45256.0
569,Georgia,46035.386519370164,2020-05-26,77,583.0,,after,steeper_1,46035.0
570,Georgia,47166.86712733264,2020-05-27,78,655.0,,after,steeper_1,47167.0
571,Georgia,48021.902707035195,2020-05-28,79,628.0,,after,steeper_1,48022.0
572,Georgia,49131.86368940659,2020-05-29,80,615.0,,after,steeper_1,49132.0
573,Georgia,50056.38191062503,2020-05-30,81,450.0,,after,steeper_1,50056.0
574,Georgia,17.0,2020-03-10,0,0.0,,before,steeper_2,17.0
575,Georgia,23.0,2020-03-11,1,6.0,,before,steeper_2,23.0
576,Georgia,31.0,2020-03-12,2,8.0,,before,steeper_2,31.0
577,Georgia,42.0,2020-03-13,3,11.0,,before,steeper_2,42.0
578,Georgia,66.0,2020-03-14,4,24.0,,before,steeper_2,66.0
579,Georgia,99.0,2020-03-15,5,33.0,,before,steeper_2,99.0
580,Georgia,121.0,2020-03-16,6,22.0,,before,steeper_2,121.0
581,Georgia,146.0,2020-03-17,7,25.0,,before,steeper_2,146.0
582,Georgia,199.0,2020-03-18,8,53.0,,before,steeper_2,199.0
583,Georgia,287.0,2020-03-19,9,88.0,,before,steeper_2,287.0
584,Georgia,420.0,2020-03-20,10,133.0,,before,steeper_2,420.0
585,Georgia,507.0,2020-03-21,11,87.0,,before,steeper_2,507.0
586,Georgia,621.0,2020-03-22,12,114.0,,before,steeper_2,621.0
587,Georgia,772.0,2020-03-23,13,151.0,,before,steeper_2,772.0
588,Georgia,1026.0,2020-03-24,14,254.0,,before,steeper_2,1026.0
589,Georgia,1247.0,2020-03-25,15,221.0,,before,steeper_2,1247.0
590,Georgia,1525.0,2020-03-26,16,278.0,,before,steeper_2,1525.0
591,Georgia,2000.0,2020-03-27,17,475.0,,before,steeper_2,2000.0
592,Georgia,2366.0,2020-03-28,18,366.0,,before,steeper_2,2366.0
593,Georgia,2651.0,2020-03-29,19,285.0,,before,steeper_2,2651.0
594,Georgia,2808.0,2020-03-30,20,157.0,,before,steeper_2,2808.0
595,Georgia,3929.0,2020-03-31,21,1121.0,,before,steeper_2,3929.0
596,Georgia,4638.0,2020-04-01,22,709.0,,before,steeper_2,4638.0
597,Georgia,5329.66305120119,2020-04-02,23,710.0,https://raw.githubusercontent.com/Murtz5253/covid19-vis/master/images/x-shelter.png,before,steeper_2,5330.0
598,Georgia,5771.283351664163,2020-04-03,24,483.0,,after,steeper_2,5771.0
599,Georgia,6336.011164895005,2020-04-04,25,329.0,,after,steeper_2,6336.0
600,Georgia,6913.073014041925,2020-04-05,26,487.0,,after,steeper_2,6913.0
601,Georgia,7424.055377027588,2020-04-06,27,667.0,,after,steeper_2,7424.0
602,Georgia,8045.072376326192,2020-04-07,28,1508.0,,after,steeper_2,8045.0
603,Georgia,8613.910218886174,2020-04-08,29,1079.0,,after,steeper_2,8614.0
604,Georgia,9378.809569292382,2020-04-09,30,665.0,,after,steeper_2,9379.0
605,Georgia,9903.18357678637,2020-04-10,31,919.0,,after,steeper_2,9903.0
606,Georgia,10645.603640696365,2020-04-11,32,674.0,,after,steeper_2,10646.0
607,Georgia,11231.464267586209,2020-04-12,33,293.0,,after,steeper_2,11231.0
608,Georgia,12106.016823126916,2020-04-13,34,863.0,,after,steeper_2,12106.0
609,Georgia,12807.197300070122,2020-04-14,35,1263.0,,after,steeper_2,12807.0
610,Georgia,13588.301936477155,2020-04-15,36,409.0,,after,steeper_2,13588.0
611,Georgia,14505.992767723688,2020-04-16,37,682.0,,after,steeper_2,14506.0
612,Georgia,15316.116798238992,2020-04-17,38,1525.0,,after,steeper_2,15316.0
613,Georgia,16276.361501241523,2020-04-18,39,475.0,,after,steeper_2,16276.0
614,Georgia,17208.33078603388,2020-04-19,40,632.0,,after,steeper_2,17208.0
615,Georgia,18131.9928070962,2020-04-20,41,1106.0,,after,steeper_2,18132.0
616,Georgia,19167.276743346825,2020-04-21,42,474.0,,after,steeper_2,19167.0
617,Georgia,20058.703333491303,2020-04-22,43,1333.0,,after,steeper_2,20059.0
618,Georgia,20958.632765607526,2020-04-23,44,669.0,,after,steeper_2,20959.0
619,Georgia,22094.88174772628,2020-04-24,45,608.0,,after,steeper_2,22095.0
620,Georgia,23367.16636109191,2020-04-25,46,731.0,,after,steeper_2,23367.0
621,Georgia,24523.916678787133,2020-04-26,47,264.0,,after,steeper_2,24524.0
622,Georgia,25437.79019724484,2020-04-27,48,816.0,,after,steeper_2,25438.0
623,Georgia,26599.540961829134,2020-04-28,49,620.0,,after,steeper_2,26600.0
624,Georgia,27789.650025171657,2020-04-29,50,853.0,,after,steeper_2,27790.0
625,Georgia,29137.507219169493,2020-04-30,51,489.0,,after,steeper_2,29138.0
626,Georgia,30413.61780278505,2020-05-01,52,1225.0,,after,steeper_2,30414.0
627,Georgia,31673.371047946435,2020-05-02,53,842.0,,after,steeper_2,31673.0
628,Georgia,32975.961826542814,2020-05-03,54,334.0,,after,steeper_2,32976.0
629,Georgia,34471.439653698464,2020-05-04,55,786.0,,after,steeper_2,34471.0
630,Georgia,35867.36836212198,2020-05-05,56,547.0,,after,steeper_2,35867.0
631,Georgia,37397.83613828375,2020-05-06,57,745.0,,after,steeper_2,37398.0
632,Georgia,38752.3685205926,2020-05-07,58,875.0,,after,steeper_2,38752.0
633,Georgia,40409.391964151866,2020-05-08,59,563.0,,after,steeper_2,40409.0
634,Georgia,41897.48965036313,2020-05-09,60,407.0,,after,steeper_2,41897.0
635,Georgia,43499.73534487312,2020-05-10,61,992.0,,after,steeper_2,43500.0
636,Georgia,45037.99979475167,2020-05-11,62,422.0,,after,steeper_2,45038.0
637,Georgia,46785.87137452587,2020-05-12,63,922.0,,after,steeper_2,46786.0
638,Georgia,48286.256665792775,2020-05-13,64,503.0,,after,steeper_2,48286.0
639,Georgia,50258.81666004391,2020-05-14,65,550.0,,after,steeper_2,50259.0
640,Georgia,51925.47073869106,2020-05-15,66,795.0,,after,steeper_2,51925.0
641,Georgia,53796.42261412013,2020-05-16,67,440.0,,after,steeper_2,53796.0
642,Georgia,55501.07430652177,2020-05-17,68,367.0,,after,steeper_2,55501.0
643,Georgia,57364.28895536328,2020-05-18,69,704.0,,after,steeper_2,57364.0
644,Georgia,59299.52851009457,2020-05-19,70,572.0,,after,steeper_2,59300.0
645,Georgia,61114.31495275602,2020-05-20,71,946.0,,after,steeper_2,61114.0
646,Georgia,63236.84003334635,2020-05-21,72,862.0,,after,steeper_2,63237.0
647,Georgia,65263.16512657285,2020-05-22,73,819.0,,after,steeper_2,65263.0
648,Georgia,67104.73001259584,2020-05-23,74,760.0,,after,steeper_2,67105.0
649,Georgia,69337.7755885239,2020-05-24,75,660.0,,after,steeper_2,69338.0
650,Georgia,71480.04867139718,2020-05-25,76,498.0,,after,steeper_2,71480.0
651,Georgia,73685.9166641647,2020-05-26,77,583.0,,after,steeper_2,73686.0
652,Georgia,75742.76608230895,2020-05-27,78,655.0,,after,steeper_2,75743.0
653,Georgia,77909.97043943121,2020-05-28,79,628.0,,after,steeper_2,77910.0
654,Georgia,80247.34880698443,2020-05-29,80,615.0,,after,steeper_2,80247.0
655,Georgia,82552.93674044863,2020-05-30,81,450.0,,after,steeper_2,82553.0
656,Georgia,17.0,2020-03-10,0,0.0,,before,steeper_3,17.0
657,Georgia,23.0,2020-03-11,1,6.0,,before,steeper_3,23.0
658,Georgia,31.0,2020-03-12,2,8.0,,before,steeper_3,31.0
659,Georgia,42.0,2020-03-13,3,11.0,,before,steeper_3,42.0
660,Georgia,66.0,2020-03-14,4,24.0,,before,steeper_3,66.0
661,Georgia,99.0,2020-03-15,5,33.0,,before,steeper_3,99.0
662,Georgia,121.0,2020-03-16,6,22.0,,before,steeper_3,121.0
663,Georgia,146.0,2020-03-17,7,25.0,,before,steeper_3,146.0
664,Georgia,199.0,2020-03-18,8,53.0,,before,steeper_3,199.0
665,Georgia,287.0,2020-03-19,9,88.0,,before,steeper_3,287.0
666,Georgia,420.0,2020-03-20,10,133.0,,before,steeper_3,420.0
667,Georgia,507.0,2020-03-21,11,87.0,,before,steeper_3,507.0
668,Georgia,621.0,2020-03-22,12,114.0,,before,steeper_3,621.0
669,Georgia,772.0,2020-03-23,13,151.0,,before,steeper_3,772.0
670,Georgia,1026.0,2020-03-24,14,254.0,,before,steeper_3,1026.0
671,Georgia,1247.0,2020-03-25,15,221.0,,before,steeper_3,1247.0
672,Georgia,1525.0,2020-03-26,16,278.0,,before,steeper_3,1525.0
673,Georgia,2000.0,2020-03-27,17,475.0,,before,steeper_3,2000.0
674,Georgia,2366.0,2020-03-28,18,366.0,,before,steeper_3,2366.0
675,Georgia,2651.0,2020-03-29,19,285.0,,before,steeper_3,2651.0
676,Georgia,2808.0,2020-03-30,20,157.0,,before,steeper_3,2808.0
677,Georgia,3929.0,2020-03-31,21,1121.0,,before,steeper_3,3929.0
678,Georgia,4638.0,2020-04-01,22,709.0,,before,steeper_3,4638.0
679,Georgia,5362.108760853222,2020-04-02,23,710.0,https://raw.githubusercontent.com/Murtz5253/covid19-vis/master/images/x-shelter.png,before,steeper_3,5362.0
680,Georgia,5798.387336135725,2020-04-03,24,483.0,,after,steeper_3,5798.0
681,Georgia,6318.586650723246,2020-04-04,25,329.0,,after,steeper_3,6319.0
682,Georgia,6880.4139643855515,2020-04-05,26,487.0,,after,steeper_3,6880.0
683,Georgia,7452.94945219206,2020-04-06,27,667.0,,after,steeper_3,7453.0
684,Georgia,8095.8064774864315,2020-04-07,28,1508.0,,after,steeper_3,8096.0
685,Georgia,8663.022402535036,2020-04-08,29,1079.0,,after,steeper_3,8663.0
686,Georgia,9209.82592052126,2020-04-09,30,665.0,,after,steeper_3,9210.0
687,Georgia,9932.99987357486,2020-04-10,31,919.0,,after,steeper_3,9933.0
688,Georgia,10685.699845654362,2020-04-11,32,674.0,,after,steeper_3,10686.0
689,Georgia,11388.684294689328,2020-04-12,33,293.0,,after,steeper_3,11389.0
690,Georgia,12164.843715800876,2020-04-13,34,863.0,,after,steeper_3,12165.0
691,Georgia,13051.05946815773,2020-04-14,35,1263.0,,after,steeper_3,13051.0
692,Georgia,13881.730151696167,2020-04-15,36,409.0,,after,steeper_3,13882.0
693,Georgia,14800.017523078326,2020-04-16,37,682.0,,after,steeper_3,14800.0
694,Georgia,15602.86764588041,2020-04-17,38,1525.0,,after,steeper_3,15603.0
695,Georgia,16618.3628801506,2020-04-18,39,475.0,,after,steeper_3,16618.0
696,Georgia,17521.28333407628,2020-04-19,40,632.0,,after,steeper_3,17521.0
697,Georgia,18545.27853257364,2020-04-20,41,1106.0,,after,steeper_3,18545.0
698,Georgia,19542.431807428347,2020-04-21,42,474.0,,after,steeper_3,19542.0
699,Georgia,20667.750668237837,2020-04-22,43,1333.0,,after,steeper_3,20668.0
700,Georgia,21836.27472210699,2020-04-23,44,669.0,,after,steeper_3,21836.0
701,Georgia,22974.530242240213,2020-04-24,45,608.0,,after,steeper_3,22975.0
702,Georgia,24199.485946790082,2020-04-25,46,731.0,,after,steeper_3,24199.0
703,Georgia,25466.105569152103,2020-04-26,47,264.0,,after,steeper_3,25466.0
704,Georgia,26743.974737220407,2020-04-27,48,816.0,,after,steeper_3,26744.0
705,Georgia,27900.158904065804,2020-04-28,49,620.0,,after,steeper_3,27900.0
706,Georgia,29271.391295215366,2020-04-29,50,853.0,,after,steeper_3,29271.0
707,Georgia,30787.610223174175,2020-04-30,51,489.0,,after,steeper_3,30788.0
708,Georgia,32058.35173148464,2020-05-01,52,1225.0,,after,steeper_3,32058.0
709,Georgia,33632.11876788024,2020-05-02,53,842.0,,after,steeper_3,33632.0
710,Georgia,35097.90422923014,2020-05-03,54,334.0,,after,steeper_3,35098.0
711,Georgia,36836.009734801584,2020-05-04,55,786.0,,after,steeper_3,36836.0
712,Georgia,38310.59324357736,2020-05-05,56,547.0,,after,steeper_3,38311.0
713,Georgia,39960.90257341656,2020-05-06,57,745.0,,after,steeper_3,39961.0
714,Georgia,41550.463934673135,2020-05-07,58,875.0,,after,steeper_3,41550.0
715,Georgia,43349.330688931754,2020-05-08,59,563.0,,after,steeper_3,43349.0
716,Georgia,45120.849731638,2020-05-09,60,407.0,,after,steeper_3,45121.0
717,Georgia,47062.39651387401,2020-05-10,61,992.0,,after,steeper_3,47062.0
718,Georgia,48819.93506688177,2020-05-11,62,422.0,,after,steeper_3,48820.0
719,Georgia,50758.48521262079,2020-05-12,63,922.0,,after,steeper_3,50758.0
720,Georgia,52739.41235178125,2020-05-13,64,503.0,,after,steeper_3,52739.0
721,Georgia,54843.07848412616,2020-05-14,65,550.0,,after,steeper_3,54843.0
722,Georgia,56751.16056698721,2020-05-15,66,795.0,,after,steeper_3,56751.0
723,Georgia,58819.028519032945,2020-05-16,67,440.0,,after,steeper_3,58819.0
724,Georgia,61163.553181440555,2020-05-17,68,367.0,,after,steeper_3,61164.0
725,Georgia,63242.6942819011,2020-05-18,69,704.0,,after,steeper_3,63243.0
726,Georgia,65547.05031334591,2020-05-19,70,572.0,,after,steeper_3,65547.0
727,Georgia,67913.27964913739,2020-05-20,71,946.0,,after,steeper_3,67913.0
728,Georgia,70238.08548812878,2020-05-21,72,862.0,,after,steeper_3,70238.0
729,Georgia,72574.60218304333,2020-05-22,73,819.0,,after,steeper_3,72575.0
730,Georgia,74986.06446111616,2020-05-23,74,760.0,,after,steeper_3,74986.0
731,Georgia,77428.53871643456,2020-05-24,75,660.0,,after,steeper_3,77429.0
732,Georgia,80039.17525924079,2020-05-25,76,498.0,,after,steeper_3,80039.0
733,Georgia,82753.98826165783,2020-05-26,77,583.0,,after,steeper_3,82754.0
734,Georgia,85316.85182087334,2020-05-27,78,655.0,,after,steeper_3,85317.0
735,Georgia,87956.12994676127,2020-05-28,79,628.0,,after,steeper_3,87956.0
736,Georgia,90910.14179060998,2020-05-29,80,615.0,,after,steeper_3,90910.0
737,Georgia,93717.03556948192,2020-05-30,81,450.0,,after,steeper_3,93717.0
738,Georgia,17.0,2020-03-10,0,0.0,,before,steeper_4,17.0
739,Georgia,23.0,2020-03-11,1,6.0,,before,steeper_4,23.0
740,Georgia,31.0,2020-03-12,2,8.0,,before,steeper_4,31.0
741,Georgia,42.0,2020-03-13,3,11.0,,before,steeper_4,42.0
742,Georgia,66.0,2020-03-14,4,24.0,,before,steeper_4,66.0
743,Georgia,99.0,2020-03-15,5,33.0,,before,steeper_4,99.0
744,Georgia,121.0,2020-03-16,6,22.0,,before,steeper_4,121.0
745,Georgia,146.0,2020-03-17,7,25.0,,before,steeper_4,146.0
746,Georgia,199.0,2020-03-18,8,53.0,,before,steeper_4,199.0
747,Georgia,287.0,2020-03-19,9,88.0,,before,steeper_4,287.0
748,Georgia,420.0,2020-03-20,10,133.0,,before,steeper_4,420.0
749,Georgia,507.0,2020-03-21,11,87.0,,before,steeper_4,507.0
750,Georgia,621.0,2020-03-22,12,114.0,,before,steeper_4,621.0
751,Georgia,772.0,2020-03-23,13,151.0,,before,steeper_4,772.0
752,Georgia,1026.0,2020-03-24,14,254.0,,before,steeper_4,1026.0
753,Georgia,1247.0,2020-03-25,15,221.0,,before,steeper_4,1247.0
754,Georgia,1525.0,2020-03-26,16,278.0,,before,steeper_4,1525.0
755,Georgia,2000.0,2020-03-27,17,475.0,,before,steeper_4,2000.0
756,Georgia,2366.0,2020-03-28,18,366.0,,before,steeper_4,2366.0
757,Georgia,2651.0,2020-03-29,19,285.0,,before,steeper_4,2651.0
758,Georgia,2808.0,2020-03-30,20,157.0,,before,steeper_4,2808.0
759,Georgia,3929.0,2020-03-31,21,1121.0,,before,steeper_4,3929.0
760,Georgia,4638.0,2020-04-01,22,709.0,,before,steeper_4,4638.0
761,Georgia,5357.191456282418,2020-04-02,23,710.0,https://raw.githubusercontent.com/Murtz5253/covid19-vis/master/images/x-shelter.png,before,steeper_4,5357.0
762,Georgia,5896.179354298731,2020-04-03,24,483.0,,after,steeper_4,5896.0
763,Georgia,6354.1002717774345,2020-04-04,25,329.0,,after,steeper_4,6354.0
764,Georgia,6992.414944851531,2020-04-05,26,487.0,,after,steeper_4,6992.0
765,Georgia,7520.981877903587,2020-04-06,27,667.0,,after,steeper_4,7521.0
766,Georgia,8015.204613172032,2020-04-07,28,1508.0,,after,steeper_4,8015.0
767,Georgia,8656.72999748796,2020-04-08,29,1079.0,,after,steeper_4,8657.0
768,Georgia,9267.919977088914,2020-04-09,30,665.0,,after,steeper_4,9268.0
769,Georgia,10104.318250924778,2020-04-10,31,919.0,,after,steeper_4,10104.0
770,Georgia,10739.573416089133,2020-04-11,32,674.0,,after,steeper_4,10740.0
771,Georgia,11677.571014474077,2020-04-12,33,293.0,,after,steeper_4,11678.0
772,Georgia,12322.121746362393,2020-04-13,34,863.0,,after,steeper_4,12322.0
773,Georgia,13029.083255415884,2020-04-14,35,1263.0,,after,steeper_4,13029.0
774,Georgia,13897.278647873207,2020-04-15,36,409.0,,after,steeper_4,13897.0
775,Georgia,14979.885205448214,2020-04-16,37,682.0,,after,steeper_4,14980.0
776,Georgia,15871.609282919255,2020-04-17,38,1525.0,,after,steeper_4,15872.0
777,Georgia,16736.763708389004,2020-04-18,39,475.0,,after,steeper_4,16737.0
778,Georgia,17927.89607701758,2020-04-19,40,632.0,,after,steeper_4,17928.0
779,Georgia,18759.251675701245,2020-04-20,41,1106.0,,after,steeper_4,18759.0
780,Georgia,19900.66311197132,2020-04-21,42,474.0,,after,steeper_4,19901.0
781,Georgia,21055.111297895688,2020-04-22,43,1333.0,,after,steeper_4,21055.0
782,Georgia,22258.18146667997,2020-04-23,44,669.0,,after,steeper_4,22258.0
783,Georgia,23448.42454167191,2020-04-24,45,608.0,,after,steeper_4,23448.0
784,Georgia,24751.062277762972,2020-04-25,46,731.0,,after,steeper_4,24751.0
785,Georgia,26001.735687070744,2020-04-26,47,264.0,,after,steeper_4,26002.0
786,Georgia,27430.622941339978,2020-04-27,48,816.0,,after,steeper_4,27431.0
787,Georgia,28808.839137701834,2020-04-28,49,620.0,,after,steeper_4,28809.0
788,Georgia,30186.19260611728,2020-04-29,50,853.0,,after,steeper_4,30186.0
789,Georgia,31687.82389212622,2020-04-30,51,489.0,,after,steeper_4,31688.0
790,Georgia,33194.290014369326,2020-05-01,52,1225.0,,after,steeper_4,33194.0
791,Georgia,34622.43099572895,2020-05-02,53,842.0,,after,steeper_4,34622.0
792,Georgia,36422.33833171749,2020-05-03,54,334.0,,after,steeper_4,36422.0
793,Georgia,38126.72422295573,2020-05-04,55,786.0,,after,steeper_4,38127.0
794,Georgia,39831.41348020643,2020-05-05,56,547.0,,after,steeper_4,39831.0
795,Georgia,41714.63135604535,2020-05-06,57,745.0,,after,steeper_4,41715.0
796,Georgia,43330.219887926185,2020-05-07,58,875.0,,after,steeper_4,43330.0
797,Georgia,45351.21912492652,2020-05-08,59,563.0,,after,steeper_4,45351.0
798,Georgia,47333.1885435656,2020-05-09,60,407.0,,after,steeper_4,47333.0
799,Georgia,49391.49370863441,2020-05-10,61,992.0,,after,steeper_4,49391.0
800,Georgia,51226.52253159259,2020-05-11,62,422.0,,after,steeper_4,51227.0
801,Georgia,53279.58215539951,2020-05-12,63,922.0,,after,steeper_4,53280.0
802,Georgia,55501.1847074892,2020-05-13,64,503.0,,after,steeper_4,55501.0
803,Georgia,57736.52719962886,2020-05-14,65,550.0,,after,steeper_4,57737.0
804,Georgia,60050.2665064144,2020-05-15,66,795.0,,after,steeper_4,60050.0
805,Georgia,62417.65590962887,2020-05-16,67,440.0,,after,steeper_4,62418.0
806,Georgia,64610.10664362377,2020-05-17,68,367.0,,after,steeper_4,64610.0
807,Georgia,67047.24867617272,2020-05-18,69,704.0,,after,steeper_4,67047.0
808,Georgia,69585.59347158691,2020-05-19,70,572.0,,after,steeper_4,69586.0
809,Georgia,72211.87075604443,2020-05-20,71,946.0,,after,steeper_4,72212.0
810,Georgia,74665.85786790252,2020-05-21,72,862.0,,after,steeper_4,74666.0
811,Georgia,77432.74232646576,2020-05-22,73,819.0,,after,steeper_4,77433.0
812,Georgia,80115.55092432424,2020-05-23,74,760.0,,after,steeper_4,80116.0
813,Georgia,82922.23118892612,2020-05-24,75,660.0,,after,steeper_4,82922.0
814,Georgia,85821.33820066034,2020-05-25,76,498.0,,after,steeper_4,85821.0
815,Georgia,88835.98489477142,2020-05-26,77,583.0,,after,steeper_4,88836.0
816,Georgia,91641.56626147951,2020-05-27,78,655.0,,after,steeper_4,91642.0
817,Georgia,94792.57840130627,2020-05-28,79,628.0,,after,steeper_4,94793.0
818,Georgia,97859.46954529616,2020-05-29,80,615.0,,after,steeper_4,97859.0
819,Georgia,101073.16298775056,2020-05-30,81,450.0,,after,steeper_4,101073.0
820,Georgia,17.0,2020-03-10,0,0.0,,before,steeper_5,17.0
821,Georgia,23.0,2020-03-11,1,6.0,,before,steeper_5,23.0
822,Georgia,31.0,2020-03-12,2,8.0,,before,steeper_5,31.0
823,Georgia,42.0,2020-03-13,3,11.0,,before,steeper_5,42.0
824,Georgia,66.0,2020-03-14,4,24.0,,before,steeper_5,66.0
825,Georgia,99.0,2020-03-15,5,33.0,,before,steeper_5,99.0
826,Georgia,121.0,2020-03-16,6,22.0,,before,steeper_5,121.0
827,Georgia,146.0,2020-03-17,7,25.0,,before,steeper_5,146.0
828,Georgia,199.0,2020-03-18,8,53.0,,before,steeper_5,199.0
829,Georgia,287.0,2020-03-19,9,88.0,,before,steeper_5,287.0
830,Georgia,420.0,2020-03-20,10,133.0,,before,steeper_5,420.0
831,Georgia,507.0,2020-03-21,11,87.0,,before,steeper_5,507.0
832,Georgia,621.0,2020-03-22,12,114.0,,before,steeper_5,621.0
833,Georgia,772.0,2020-03-23,13,151.0,,before,steeper_5,772.0
834,Georgia,1026.0,2020-03-24,14,254.0,,before,steeper_5,1026.0
835,Georgia,1247.0,2020-03-25,15,221.0,,before,steeper_5,1247.0
836,Georgia,1525.0,2020-03-26,16,278.0,,before,steeper_5,1525.0
837,Georgia,2000.0,2020-03-27,17,475.0,,before,steeper_5,2000.0
838,Georgia,2366.0,2020-03-28,18,366.0,,before,steeper_5,2366.0
839,Georgia,2651.0,2020-03-29,19,285.0,,before,steeper_5,2651.0
840,Georgia,2808.0,2020-03-30,20,157.0,,before,steeper_5,2808.0
841,Georgia,3929.0,2020-03-31,21,1121.0,,before,steeper_5,3929.0
842,Georgia,4638.0,2020-04-01,22,709.0,,before,steeper_5,4638.0
843,Georgia,5334.124705057083,2020-04-02,23,710.0,https://raw.githubusercontent.com/Murtz5253/covid19-vis/master/images/x-shelter.png,before,steeper_5,5334.0
844,Georgia,5861.797775026772,2020-04-03,24,483.0,,after,steeper_5,5862.0
845,Georgia,6258.860924329278,2020-04-04,25,329.0,,after,steeper_5,6259.0
846,Georgia,6978.091845803665,2020-04-05,26,487.0,,after,steeper_5,6978.0
847,Georgia,7459.412362770624,2020-04-06,27,667.0,,after,steeper_5,7459.0
848,Georgia,8080.528554765431,2020-04-07,28,1508.0,,after,steeper_5,8081.0
849,Georgia,8679.08404540129,2020-04-08,29,1079.0,,after,steeper_5,8679.0
850,Georgia,9333.643121728923,2020-04-09,30,665.0,,after,steeper_5,9334.0
851,Georgia,9992.228239042304,2020-04-10,31,919.0,,after,steeper_5,9992.0
852,Georgia,10727.264515028495,2020-04-11,32,674.0,,after,steeper_5,10727.0
853,Georgia,11431.121158698988,2020-04-12,33,293.0,,after,steeper_5,11431.0
854,Georgia,12324.068793867536,2020-04-13,34,863.0,,after,steeper_5,12324.0
855,Georgia,13187.448983789865,2020-04-14,35,1263.0,,after,steeper_5,13187.0
856,Georgia,14005.934746011724,2020-04-15,36,409.0,,after,steeper_5,14006.0
857,Georgia,14955.323056853475,2020-04-16,37,682.0,,after,steeper_5,14955.0
858,Georgia,15801.093415586754,2020-04-17,38,1525.0,,after,steeper_5,15801.0
859,Georgia,16793.395168378738,2020-04-18,39,475.0,,after,steeper_5,16793.0
860,Georgia,17918.448788051002,2020-04-19,40,632.0,,after,steeper_5,17918.0
861,Georgia,18741.149611731205,2020-04-20,41,1106.0,,after,steeper_5,18741.0
862,Georgia,19999.52667170956,2020-04-21,42,474.0,,after,steeper_5,20000.0
863,Georgia,21121.76604553595,2020-04-22,43,1333.0,,after,steeper_5,21122.0
864,Georgia,22091.908805829145,2020-04-23,44,669.0,,after,steeper_5,22092.0
865,Georgia,23548.672816391292,2020-04-24,45,608.0,,after,steeper_5,23549.0
866,Georgia,24759.2216677981,2020-04-25,46,731.0,,after,steeper_5,24759.0
867,Georgia,26001.336330616094,2020-04-26,47,264.0,,after,steeper_5,26001.0
868,Georgia,27167.51550149672,2020-04-27,48,816.0,,after,steeper_5,27168.0
869,Georgia,28943.999370728034,2020-04-28,49,620.0,,after,steeper_5,28944.0
870,Georgia,30188.198836607233,2020-04-29,50,853.0,,after,steeper_5,30188.0
871,Georgia,31688.959345278512,2020-04-30,51,489.0,,after,steeper_5,31689.0
872,Georgia,33268.86989785142,2020-05-01,52,1225.0,,after,steeper_5,33269.0
873,Georgia,34871.36543220257,2020-05-02,53,842.0,,after,steeper_5,34871.0
874,Georgia,36600.44055337587,2020-05-03,54,334.0,,after,steeper_5,36600.0
875,Georgia,38124.30391334081,2020-05-04,55,786.0,,after,steeper_5,38124.0
876,Georgia,39742.17210291724,2020-05-05,56,547.0,,after,steeper_5,39742.0
877,Georgia,41541.20184729061,2020-05-06,57,745.0,,after,steeper_5,41541.0
878,Georgia,43298.88135142429,2020-05-07,58,875.0,,after,steeper_5,43299.0
879,Georgia,45331.51002936707,2020-05-08,59,563.0,,after,steeper_5,45332.0
880,Georgia,47288.90894008163,2020-05-09,60,407.0,,after,steeper_5,47289.0
881,Georgia,49214.86087788422,2020-05-10,61,992.0,,after,steeper_5,49215.0
882,Georgia,51332.82386485728,2020-05-11,62,422.0,,after,steeper_5,51333.0
883,Georgia,53406.25594089837,2020-05-12,63,922.0,,after,steeper_5,53406.0
884,Georgia,55462.599725510954,2020-05-13,64,503.0,,after,steeper_5,55463.0
885,Georgia,57735.09578329424,2020-05-14,65,550.0,,after,steeper_5,57735.0
886,Georgia,60032.439593186944,2020-05-15,66,795.0,,after,steeper_5,60032.0
887,Georgia,62264.633176588104,2020-05-16,67,440.0,,after,steeper_5,62265.0
888,Georgia,64704.575110703205,2020-05-17,68,367.0,,after,steeper_5,64705.0
889,Georgia,67032.96208970404,2020-05-18,69,704.0,,after,steeper_5,67033.0
890,Georgia,69629.62373396334,2020-05-19,70,572.0,,after,steeper_5,69630.0
891,Georgia,72023.11746068118,2020-05-20,71,946.0,,after,steeper_5,72023.0
892,Georgia,74649.81017331826,2020-05-21,72,862.0,,after,steeper_5,74650.0
893,Georgia,77505.03040942788,2020-05-22,73,819.0,,after,steeper_5,77505.0
894,Georgia,80146.46110389558,2020-05-23,74,760.0,,after,steeper_5,80146.0
895,Georgia,82966.25363787847,2020-05-24,75,660.0,,after,steeper_5,82966.0
896,Georgia,85938.02454957012,2020-05-25,76,498.0,,after,steeper_5,85938.0
897,Georgia,88772.91166137306,2020-05-26,77,583.0,,after,steeper_5,88773.0
898,Georgia,91803.99324419824,2020-05-27,78,655.0,,after,steeper_5,91804.0
899,Georgia,94780.77686528236,2020-05-28,79,628.0,,after,steeper_5,94781.0
900,Georgia,98044.57074882559,2020-05-29,80,615.0,,after,steeper_5,98045.0
901,Georgia,101082.67657473584,2020-05-30,81,450.0,,after,steeper_5,101083.0
